{
  "spec/models/review_spec.rb": 0.3565671443939209,
  "spec/controllers/followings_controller_spec.rb": 0.3839836120605469,
  "spec/controllers/reviews_controller_spec.rb": 0.4815709590911865,
  "spec/features/password_reset_feature_spec.rb": 0.34852004051208496,
  "spec/controllers/users_controller_spec.rb": 0.8066859245300293,
  "spec/features/my_queue_spec.rb": 0.27213191986083984,
  "spec/controllers/sessions_controller_spec.rb": 0.22717022895812988,
  "spec/models/user_spec.rb": 0.08700037002563477,
  "spec/models/queue_item_spec.rb": 0.28203487396240234,
  "spec/features/add_video_spec.rb": 0.15841317176818848,
  "spec/models/following_spec.rb": 0.035660743713378906,
  "spec/controllers/admin/videos_controller_spec.rb": 0.16469216346740723,
  "spec/controllers/queue_items_controller_spec.rb": 0.9331209659576416,
  "spec/models/stripe_wrapper_spec.rb": 1.9874987602233887,
  "spec/models/video_spec.rb": 0.3778195381164551,
  "spec/features/people_spec.rb": 0.20289897918701172,
  "spec/features/user_registration_spec.rb": 9.380070924758911,
  "spec/decorators/video_decorator_spec.rb": 0.06227517127990723,
  "spec/controllers/password_resets_controller_spec.rb": 0.4206695556640625,
  "spec/features/invite_friend_spec.rb": 2.790360450744629,
  "spec/models/invite_spec.rb": 0.020637989044189453,
  "spec/features/sign_in_spec.rb": 0.05456185340881348,
  "spec/controllers/invites_controller_spec.rb": 0.34200477600097656,
  "spec/models/category_spec.rb": 0.11614346504211426,
  "spec/controllers/videos_controller_spec.rb": 0.18847179412841797
}