{
  "spec/controllers/admin/videos_controller_spec.rb": 0.8401968479156494,
  "spec/features/user_registration_spec.rb": 9.380070924758911,
  "spec/models/invite_spec.rb": 0.08195185661315918,
  "spec/features/invite_friend_spec.rb": 2.790360450744629,
  "spec/models/video_spec.rb": 0.6120178699493408,
  "spec/features/password_reset_feature_spec.rb": 0.14678025245666504,
  "spec/features/my_queue_spec.rb": 0.3130216598510742,
  "spec/controllers/reviews_controller_spec.rb": 0.8237361907958984,
  "spec/controllers/videos_controller_spec.rb": 0.4178166389465332,
  "spec/controllers/followings_controller_spec.rb": 0.6617639064788818,
  "spec/features/people_spec.rb": 0.22573304176330566,
  "spec/controllers/queue_items_controller_spec.rb": 1.7944190502166748,
  "spec/models/stripe_wrapper_spec.rb": 0.11674237251281738,
  "spec/features/add_video_spec.rb": 0.14629507064819336,
  "spec/models/following_spec.rb": 0.11975312232971191,
  "spec/features/sign_in_spec.rb": 0.09606432914733887,
  "spec/models/queue_item_spec.rb": 0.5397205352783203,
  "spec/controllers/password_resets_controller_spec.rb": 0.5827076435089111,
  "spec/controllers/sessions_controller_spec.rb": 0.5303595066070557,
  "spec/models/category_spec.rb": 0.25234389305114746,
  "spec/models/review_spec.rb": 0.17080450057983398,
  "spec/controllers/invites_controller_spec.rb": 0.5902142524719238,
  "spec/models/user_spec.rb": 0.3399355411529541,
  "spec/controllers/users_controller_spec.rb": 1.195302963256836
}
